imagePath;sample ¹;classID;centerX;centerY;leftX;topY;rightX;bottomY
10.jpg;10.jpg;0;392.176;1018.45;388.641;1018.03;395.71;1018.86;
10.jpg;10.jpg;0;394;1012.5;393.5;1012.5;394.5;1012.5;
10.jpg;10.jpg;0;977;1008;976.293;1007.29;977.707;1008.71;
10.jpg;10.jpg;0;391.618;1014.53;383.978;1013.32;399.258;1015.74;
10.jpg;10.jpg;0;733;1007;730.879;1000.64;735.121;1013.36;
10.jpg;10.jpg;0;733.25;1007.25;730.422;1000.53;736.078;1013.97;
10.jpg;10.jpg;0;967.923;1003.12;965.011;993.408;970.835;1012.82;
10.jpg;10.jpg;0;968.3;1003.4;965.393;992.667;971.207;1014.13;
10.jpg;10.jpg;0;802;957.5;793.161;947.954;810.839;967.046;
10.jpg;10.jpg;0;802.2;957.4;794.15;945.773;810.25;969.028;
10.jpg;10.jpg;0;1002.3;933.4;996.45;930.712;1008.15;936.088;
10.jpg;10.jpg;0;1002.5;934;997;931;1008;937;
10.jpg;10.jpg;0;621.5;908.5;610.893;901.429;632.107;915.571;
10.jpg;10.jpg;0;621.538;908.692;609.612;901.481;633.464;915.903;
10.jpg;10.jpg;0;567.5;900;564;891;571;909;
10.jpg;10.jpg;0;567.5;901;564;891;571;911;
10.jpg;10.jpg;0;418.142;855.807;417.472;850.587;418.813;861.028;
10.jpg;10.jpg;0;415.096;854.981;414.018;848.705;416.175;861.256;
10.jpg;10.jpg;0;924.1;816.2;921.728;810.034;926.472;822.367;
10.jpg;10.jpg;0;924;816.5;921.5;810.5;926.5;822.5;
10.jpg;10.jpg;0;728.25;815.25;721.886;807.825;734.614;822.675;
10.jpg;10.jpg;0;729;815;723.186;806.503;734.814;823.497;
10.jpg;10.jpg;0;228.5;758;223.197;754.111;233.803;761.889;
10.jpg;10.jpg;0;801.5;760.5;793.015;750.601;809.985;770.4;
10.jpg;10.jpg;0;229;757.5;223;753;235;762;
10.jpg;10.jpg;0;801.75;760.25;792.911;750.351;810.589;770.15;
10.jpg;10.jpg;0;3;763;1;751;5;775;
10.jpg;10.jpg;0;513.5;750.5;513;746;514;755;
10.jpg;10.jpg;0;513.426;747.544;506.907;746.586;519.946;748.503;
10.jpg;10.jpg;0;641.588;746.853;634.676;744.67;648.501;749.036;
10.jpg;10.jpg;0;1005.94;721.42;994.04;716.92;1017.84;725.92;
10.jpg;10.jpg;0;740.5;702.5;739.793;702.5;741.207;702.5;
10.jpg;10.jpg;0;738;702.5;737.5;702.5;738.5;702.5;
10.jpg;10.jpg;0;744.5;701;744;701;745;701;
10.jpg;10.jpg;0;747.5;700;747;700;748;700;
10.jpg;10.jpg;0;752.5;698;749.817;697.776;755.183;698.224;
10.jpg;10.jpg;0;747.526;697.567;739.628;697.136;755.423;697.998;
10.jpg;10.jpg;0;725.5;687.5;724.793;687.5;726.207;687.5;
10.jpg;10.jpg;0;117.368;695.038;114.14;685.697;120.596;704.378;
10.jpg;10.jpg;0;492.1;688.7;488.746;679.085;495.454;698.315;
10.jpg;10.jpg;0;492.1;688.7;488.746;678.638;495.454;698.762;
10.jpg;10.jpg;0;283.75;651.25;273.497;642.765;294.003;659.735;
10.jpg;10.jpg;0;283.9;651.3;272.943;642.579;294.857;660.021;
10.jpg;10.jpg;0;804.75;640.25;793.79;634.593;815.71;645.907;
10.jpg;10.jpg;0;804.5;640.5;793.186;634.136;815.814;646.864;
10.jpg;10.jpg;0;750.118;637.02;743.542;632.953;756.695;641.088;
10.jpg;10.jpg;0;748.412;630.516;740.854;629.666;755.97;631.366;
10.jpg;10.jpg;0;609.047;617.915;605.132;611.94;612.962;623.89;
10.jpg;10.jpg;0;609.2;618.1;605.247;611.934;613.153;624.266;
10.jpg;10.jpg;0;419.5;594;412;591;427;597;
10.jpg;10.jpg;0;419.5;594;412;591;427;597;
10.jpg;10.jpg;0;849;586;849;586;849;586;
10.jpg;10.jpg;0;251.162;588.103;250.39;585.188;251.933;591.018;
10.jpg;10.jpg;0;844.5;585;843.439;583.939;845.561;586.061;
10.jpg;10.jpg;0;728.507;613.291;701.014;599.457;755.999;627.124;
10.jpg;10.jpg;0;844.9;585.2;843.782;583.411;846.018;586.989;
10.jpg;10.jpg;0;728.416;613.303;700.919;599.334;755.913;627.272;
10.jpg;10.jpg;0;248.802;591.884;247.366;583.161;250.237;600.607;
10.jpg;10.jpg;0;627;588.5;623.818;579.661;630.182;597.339;
10.jpg;10.jpg;0;472.25;578.25;470.836;575.775;473.664;580.725;
10.jpg;10.jpg;0;472.3;578.4;470.735;575.27;473.865;581.531;
10.jpg;10.jpg;0;7;582.5;1;574;13;591;
10.jpg;10.jpg;0;812.25;578.25;808.715;572.947;815.786;583.553;
10.jpg;10.jpg;0;812.25;578.75;808.361;573.093;816.139;584.407;
10.jpg;10.jpg;0;969.5;565.5;966;564;973;567;
10.jpg;10.jpg;0;821.5;538.5;819;534;824;543;
10.jpg;10.jpg;0;514.75;541.25;510.154;532.058;519.346;550.442;
10.jpg;10.jpg;0;402;534.5;399;530;405;539;
10.jpg;10.jpg;0;820;522.5;819.5;522.5;820.5;522.5;
10.jpg;10.jpg;0;817.559;520.765;815.497;519.795;819.62;521.735;
10.jpg;10.jpg;0;782.768;525.508;776.915;506.949;788.622;544.068;
10.jpg;10.jpg;0;156.867;508.998;145.369;498.82;168.365;519.176;
10.jpg;10.jpg;0;158.168;510.152;146.534;500.012;169.802;520.292;
10.jpg;10.jpg;0;387;494;385.586;491.879;388.414;496.121;
10.jpg;10.jpg;0;384;492;383.293;491.293;384.707;492.707;
10.jpg;10.jpg;0;386.1;493.8;384.535;490.222;387.665;497.378;
10.jpg;10.jpg;0;1010.5;494.5;999;487;1022;502;
10.jpg;10.jpg;0;869.25;499.25;859.351;486.876;879.15;511.624;
10.jpg;10.jpg;0;869.85;499.05;860.838;484.504;878.863;513.596;
10.jpg;10.jpg;0;756.824;493.794;748.885;481.944;764.762;505.644;
10.jpg;10.jpg;0;287.3;496.1;279.921;482.46;294.679;509.74;
10.jpg;10.jpg;0;756.841;494.041;748.301;482.19;765.38;505.893;
10.jpg;10.jpg;0;287.6;496.2;279.997;482.336;295.203;510.064;
10.jpg;10.jpg;0;159.615;471.923;155.178;464.989;164.053;478.857;
10.jpg;10.jpg;0;612.9;464.7;609.099;452.849;616.701;476.551;
10.jpg;10.jpg;0;613.2;465.1;609.175;452.802;617.225;477.398;
10.jpg;10.jpg;0;190;460;187.879;455.757;192.121;464.243;
10.jpg;10.jpg;0;190;460;187;456;193;464;
10.jpg;10.jpg;0;275.2;456.9;272.74;456.006;277.66;457.794;
10.jpg;10.jpg;0;275.346;453.769;273.543;453.492;277.149;454.047;
10.jpg;10.jpg;0;402.623;447.329;396.42;446.1;408.826;448.558;
10.jpg;10.jpg;0;398.756;447.305;388.839;443.401;408.673;451.209;
10.jpg;10.jpg;0;178.534;439.914;175.099;434.25;181.97;445.577;
10.jpg;10.jpg;0;178.2;440.1;174.622;434.063;181.778;446.137;
10.jpg;10.jpg;0;457;423;447.101;412.393;466.9;433.607;
10.jpg;10.jpg;0;457.378;423.27;445.542;413.735;469.215;432.805;
10.jpg;10.jpg;0;170.5;417.5;166;416;175;419;
10.jpg;10.jpg;0;643.62;406.84;638.317;396.728;648.923;416.952;
10.jpg;10.jpg;0;643.63;406.91;638.327;396.728;648.933;417.092;
10.jpg;10.jpg;0;921.868;397.034;909.712;393.281;934.025;400.787;
10.jpg;10.jpg;0;31;386.5;22.8683;378.368;39.1317;394.632;
10.jpg;10.jpg;0;31.5;386.5;21;380;42;393;
10.jpg;10.jpg;0;382;375.5;381.5;375.5;382.5;375.5;
10.jpg;10.jpg;0;384;374;382;373;386;375;
10.jpg;10.jpg;0;737.796;379.881;733.762;366.067;741.831;393.694;
10.jpg;10.jpg;0;254.25;367.75;249.654;364.922;258.846;370.578;
10.jpg;10.jpg;0;254;368;251;363;257;373;
10.jpg;10.jpg;0;147;369.5;143.111;359.954;150.889;379.046;
10.jpg;10.jpg;0;147.25;369.75;142.654;359.851;151.846;379.65;
10.jpg;10.jpg;0;224;362.5;213.747;357.904;234.253;367.096;
10.jpg;10.jpg;0;224;362.5;213.04;357.197;234.96;367.803;
10.jpg;10.jpg;0;845.347;345.688;841.496;335.004;849.198;356.372;
10.jpg;10.jpg;0;845.453;345.712;841.602;334.919;849.303;356.504;
10.jpg;10.jpg;0;575.25;322.25;574.543;321.896;575.957;322.604;
10.jpg;10.jpg;0;572.7;323.1;571.582;322.876;573.818;323.324;
10.jpg;10.jpg;0;574;320;574;320;574;320;
10.jpg;10.jpg;0;576;319;576;319;576;319;
10.jpg;10.jpg;0;1006;316.5;1001.4;311.904;1010.6;321.096;
10.jpg;10.jpg;0;1006.5;316.5;1001;312;1012;321;
10.jpg;10.jpg;0;613.6;305.3;604.656;301.051;622.544;309.549;
10.jpg;10.jpg;0;613;305.5;609;296;617;315;
10.jpg;10.jpg;0;235.178;299.994;226.958;294.886;243.399;305.101;
10.jpg;10.jpg;0;951.75;293.25;944.326;287.593;959.175;298.907;
10.jpg;10.jpg;0;951.53;293.774;942.806;288.639;960.255;298.909;
10.jpg;10.jpg;0;276.474;282.402;272.695;272.864;280.253;291.939;
10.jpg;10.jpg;0;369.549;283.439;359.866;277.739;379.232;289.139;
10.jpg;10.jpg;0;369.862;283.345;359.092;277.588;380.632;289.101;
10.jpg;10.jpg;0;714.75;253.75;711.215;249.861;718.286;257.639;
10.jpg;10.jpg;0;715;253;711;249;719;257;
10.jpg;10.jpg;0;242.664;254.303;229.924;248.35;255.404;260.257;
10.jpg;10.jpg;0;242;254.5;228.584;248.463;255.416;260.537;
10.jpg;10.jpg;0;165.4;243.8;156.862;240.954;173.938;246.646;
10.jpg;10.jpg;0;923.25;246.75;915.118;231.901;931.382;261.599;
10.jpg;10.jpg;0;489.454;240.521;476.153;233.362;502.755;247.679;
10.jpg;10.jpg;0;923.5;247;914.661;231.797;932.339;262.203;
10.jpg;10.jpg;0;489.5;241;475.744;233.885;503.256;248.115;
10.jpg;10.jpg;0;638;224.5;637.5;224.5;638.5;224.5;
10.jpg;10.jpg;0;639;220.5;637.5;220.5;640.5;220.5;
10.jpg;10.jpg;0;637.029;220.382;632.3;219.291;641.759;221.474;
10.jpg;10.jpg;0;955;210;954.293;209.293;955.707;210.707;
10.jpg;10.jpg;0;955;210;954;209;956;211;
10.jpg;10.jpg;0;846;192;845.293;191.293;846.707;192.707;
10.jpg;10.jpg;0;845.582;189.578;826.703;183.851;864.462;195.305;
10.jpg;10.jpg;0;75.1;176.2;71.5223;167.479;78.6777;184.921;
10.jpg;10.jpg;0;676.25;172.75;663.876;167.8;688.624;177.7;
10.jpg;10.jpg;0;676.654;172.769;663.618;167.638;689.689;177.9;
10.jpg;10.jpg;0;539.887;149.604;535.516;141.833;544.258;157.374;
10.jpg;10.jpg;0;540.015;149.723;535.55;141.661;544.481;157.785;
10.jpg;10.jpg;0;411.9;130.8;411.426;128.745;412.374;132.855;
10.jpg;10.jpg;0;412.618;128.529;412.011;123.921;413.224;133.138;
10.jpg;10.jpg;0;386.93;137.796;375.057;134.029;398.803;141.563;
10.jpg;10.jpg;0;290.5;109;279.274;104.098;301.726;113.902;
10.jpg;10.jpg;0;208.269;92.1538;202.306;83.0013;214.232;101.306;
10.jpg;10.jpg;0;404.25;92.75;391.876;85.6789;416.624;99.8211;
10.jpg;10.jpg;0;208.5;92;203;82;214;102;
10.jpg;10.jpg;0;404.25;92.75;391.169;84.9718;417.332;100.528;
10.jpg;10.jpg;0;136;69;136;69;136;69;
10.jpg;10.jpg;0;139;68.5;138.5;68.5;139.5;68.5;
10.jpg;10.jpg;0;141;67;141;67;141;67;
10.jpg;10.jpg;0;137;67;137;67;137;67;
10.jpg;10.jpg;0;139.9;65.3;138.782;65.0764;141.018;65.5236;
10.jpg;10.jpg;0;645;53.5;643.939;52.4393;646.061;54.5607;
10.jpg;10.jpg;0;636.118;65.0112;620.377;58.8632;651.859;71.1592;
10.jpg;10.jpg;0;519.635;60.0843;508.558;57.0633;530.712;63.1053;
10.jpg;10.jpg;0;366.25;38.25;359.886;35.7751;372.614;40.7249;
10.jpg;10.jpg;0;719.5;5.5;715;0;724;11;
אלצמגא\Documents\Visual Studio 2013\Projects\cells\cells\10.jpg;[273, 456.5];[14.758 x 9.8387]
C:\Users\נאלצמגא\Documents\Visual Studio 2013\Projects\cells\cells\10.jpg;[399.104, 450.881];[27.2765 x 19.6461]
C:\Users\נאלצמגא\Documents\Visual Studio 2013\Projects\cells\cells\10.jpg;[456.75, 422.75];[25.4558 x 27.5772]
C:\Users\נאלצמגא\Documents\Visual Studio 2013\Projects\cells\cells\10.jpg;[456.41, 422.87];[29.9813 x 23.9002]
C:\Users\נאלצמגא\Documents\Visual Studio 2013\Projects\cells\cells\10.jpg;[180.054, 442.872];[18.3704 x 83.9847]
C:\Users\נאלצמגא\Documents\Visual Studio 2013\Projects\cells\cells\10.jpg;[180.3, 442.994];[18.593 x 84.5876]
C:\Users\נאלצמגא\Documents\Visual Studio 2013\Projects\cells\cells\10.jpg;[642.5, 407];[15 x 26]
C:\Users\נאלצמגא\Documents\Visual Studio 2013\Projects\cells\cells\10.jpg;[642.5, 407];[15 x 26]
C:\Users\נאלצמגא\Documents\Visual Studio 2013\Projects\cells\cells\10.jpg;[920.828, 398.069];[32.564 x 13.3933]
C:\Users\נאלצמגא\Documents\Visual Studio 2013\Projects\cells\cells\10.jpg;[920.75, 398.25];[32.9579 x 13.3933]
C:\Users\נאלצמגא\Documents\Visual Studio 2013\Projects\cells\cells\10.jpg;[31.2, 386.4];[18.3412 x 25.9307]
C:\Users\נאלצמגא\Documents\Visual Studio 2013\Projects\cells\cells\10.jpg;[31.5, 386];[27 x 18]
C:\Users\נאלצמגא\Documents\Visual Studio 2013\Projects\cells\cells\10.jpg;[736.75, 380.25];[13.435 x 32.5269]
C:\Users\נאלצמגא\Documents\Visual Studio 2013\Projects\cells\cells\10.jpg;[737.48, 379.64];[14 x 34]
C:\Users\נאלצמגא\Documents\Visual Studio 2013\Projects\cells\cells\10.jpg;[382.302, 374.943];[25.5491 x 6.86803]
C:\Users\נאלצמגא\Documents\Visual Studio 2013\Projects\cells\cells\10.jpg;[252.824, 369.054];[21.5363 x 10.5215]
C:\Users\נאלצמגא\Documents\Visual Studio 2013\Projects\cells\cells\10.jpg;[146.25, 369.25];[14.1421 x 24.7487]
C:\Users\נאלצמגא\Documents\Visual Studio 2013\Projects\cells\cells\10.jpg;[252.824, 369.054];[21.8651 x 10.5215]
C:\Users\נאלצמגא\Documents\Visual Studio 2013\Projects\cells\cells\10.jpg;[145.8, 369.6];[15.2 x 25.6]
C:\Users\נאלצמגא\Documents\Visual Studio 2013\Projects\cells\cells\10.jpg;[223.75, 362.75];[26.8701 x 14.8492]
C:\Users\נאלצמגא\Documents\Visual Studio 2013\Projects\cells\cells\10.jpg;[223.75, 362.75];[28.2843 x 16.2635]
C:\Users\נאלצמגא\Documents\Visual Studio 2013\Projects\cells\cells\10.jpg;[846.53, 345.882];[13.0969 x 30.0744]
C:\Users\נאלצמגא\Documents\Visual Studio 2013\Projects\cells\cells\10.jpg;[573.75, 322.75];[22.6274 x 6.36396]
C:\Users\נאלצמגא\Documents\Visual Studio 2013\Projects\cells\cells\10.jpg;[573.75, 322.75];[22.6274 x 7.77817]
C:\Users\נאלצמגא\Documents\Visual Studio 2013\Projects\cells\cells\10.jpg;[1005.5, 316];[17 x 14]
C:\Users\נאלצמגא\Documents\Visual Studio 2013\Projects\cells\cells\10.jpg;[1005.5, 316];[17 x 14]
C:\Users\נאלצמגא\Documents\Visual Studio 2013\Projects\cells\cells\10.jpg;[612, 305];[12 x 26]
C:\Users\נאלצמגא\Documents\Visual Studio 2013\Projects\cells\cells\10.jpg;[235.75, 299.75];[22.6274 x 17.6777]
C:\Users\נאלצמגא\Documents\Visual Studio 2013\Projects\cells\cells\10.jpg;[612, 305];[12 x 26]
C:\Users\נאלצמגא\Documents\Visual Studio 2013\Projects\cells\cells\10.jpg;[431.7, 292.4];[5.4 x 14.8]
C:\Users\נאלצמגא\Documents\Visual Studio 2013\Projects\cells\cells\10.jpg;[431.808, 292.538];[6.1017 x 16.3637]
C:\Users\נאלצמגא\Documents\Visual Studio 2013\Projects\cells\cells\10.jpg;[951.28, 293.04];[22 x 16.4]
C:\Users\נאלצמגא\Documents\Visual Studio 2013\Projects\cells\cells\10.jpg;[951.3, 293.1];[23.7023 x 15.6525]
C:\Users\נאלצמגא\Documents\Visual Studio 2013\Projects\cells\cells\10.jpg;[275.912, 281.83];[13.0369 x 23.2568]
C:\Users\נאלצמגא\Documents\Visual Studio 2013\Projects\cells\cells\10.jpg;[276.4, 281.2];[13.4164 x 24.1495]
C:\Users\נאלצמגא\Documents\Visual Studio 2013\Projects\cells\cells\10.jpg;[369.54, 283.28];[26.6 x 17.2]
C:\Users\נאלצמגא\Documents\Visual Studio 2013\Projects\cells\cells\10.jpg;[369.4, 283.2];[27.7272 x 16.9941]
C:\Users\נאלצמגא\Documents\Visual Studio 2013\Projects\cells\cells\10.jpg;[715, 253.5];[13.435 x 13.435]
C:\Users\נאלצמגא\Documents\Visual Studio 2013\Projects\cells\cells\10.jpg;[714, 252.5];[14 x 13]
C:\Users\נאלצמגא\Documents\Visual Studio 2013\Projects\cells\cells\10.jpg;[242.378, 254.402];[32.0156 x 17.6476]
C:\Users\נאלצמגא\Documents\Visual Studio 2013\Projects\cells\cells\10.jpg;[241.9, 254.2];[33.541 x 17.8885]
C:\Users\נאלצמגא\Documents\Visual Studio 2013\Projects\cells\cells\10.jpg;[164, 244.5];[10 x 23]
C:\Users\נאלצמגא\Documents\Visual Studio 2013\Projects\cells\cells\10.jpg;[164, 244.5];[10 x 23]
C:\Users\נאלצמגא\Documents\Visual Studio 2013\Projects\cells\cells\10.jpg;[922.75, 246.25];[21.9203 x 35.3553]
C:\Users\נאלצמגא\Documents\Visual Studio 2013\Projects\cells\cells\10.jpg;[488.957, 240.733];[32.9579 x 19.4334]
C:\Users\נאלצמגא\Documents\Visual Studio 2013\Projects\cells\cells\10.jpg;[922.75, 246.25];[23.3345 x 35.3553]
C:\Users\נאלצמגא\Documents\Visual Studio 2013\Projects\cells\cells\10.jpg;[489.034, 240.914];[32.9579 x 19.8273]
C:\Users\נאלצמגא\Documents\Visual Studio 2013\Projects\cells\cells\10.jpg;[637, 220.5];[8 x 17]
C:\Users\נאלצמגא\Documents\Visual Studio 2013\Projects\cells\cells\10.jpg;[637, 220.5];[8 x 17]
C:\Users\נאלצמגא\Documents\Visual Studio 2013\Projects\cells\cells\10.jpg;[952.086, 210.736];[2.28789 x 21.4625]
C:\Users\נאלצמגא\Documents\Visual Studio 2013\Projects\cells\cells\10.jpg;[955.105, 207.455];[2.41408 x 21.9545]
C:\Users\נאלצמגא\Documents\Visual Studio 2013\Projects\cells\cells\10.jpg;[943, 203];[0 x 0]
C:\Users\נאלצמגא\Documents\Visual Studio 2013\Projects\cells\cells\10.jpg;[838.724, 195.334];[4.35606 x 29.1548]
C:\Users\נאלצמגא\Documents\Visual Studio 2013\Projects\cells\cells\10.jpg;[825, 179.5];[2.12132 x 2.12132]
C:\Users\נאלצמגא\Documents\Visual Studio 2013\Projects\cells\cells\10.jpg;[862.269, 188.346];[22.4654 x 4.16025]
C:\Users\נאלצמגא\Documents\Visual Studio 2013\Projects\cells\cells\10.jpg;[867, 176];[0 x 0]
C:\Users\נאלצמגא\Documents\Visual Studio 2013\Projects\cells\cells\10.jpg;[842.342, 181.802];[46.7703 x 16.5541]
C:\Users\נאלצמגא\Documents\Visual Studio 2013\Projects\cells\cells\10.jpg;[75.5, 176];[13.435 x 23.3345]
C:\Users\נאלצמגא\Documents\Visual Studio 2013\Projects\cells\cells\10.jpg;[74.217, 176.009];[13.324 x 25.4117]
C:\Users\נאלצמגא\Documents\Visual Studio 2013\Projects\cells\cells\10.jpg;[676, 173];[31.1127 x 15.5563]
C:\Users\נאלצמגא\Documents\Visual Studio 2013\Projects\cells\cells\10.jpg;[676.154, 173.269];[33.0047 x 16.0863]
C:\Users\נאלצמגא\Documents\Visual Studio 2013\Projects\cells\cells\10.jpg;[541, 147.5];[22 x 15]
C:\Users\נאלצמגא\Documents\Visual Studio 2013\Projects\cells\cells\10.jpg;[960, 134];[2.82843 x 2.82843]
C:\Users\נאלצמגא\Documents\Visual Studio 2013\Projects\cells\cells\10.jpg;[959.5, 134];[3 x 4]
C:\Users\נאלצמגא\Documents\Visual Studio 2013\Projects\cells\cells\10.jpg;[798.853, 138.588];[15.2797 x 5.33578]
C:\Users\נאלצמגא\Documents\Visual Studio 2013\Projects\cells\cells\10.jpg;[798.882, 138.471];[15.5223 x 5.33578]
C:\Users\נאלצמגא\Documents\Visual Studio 2013\Projects\cells\cells\10.jpg;[400.5, 130];[1 x 0]
C:\Users\נאלצמגא\Documents\Visual Studio 2013\Projects\cells\cells\10.jpg;[403, 129];[0 x 0]
C:\Users\נאלצמגא\Documents\Visual Studio 2013\Projects\cells\cells\10.jpg;[395.874, 132.986];[44.922 x 23.475]
C:\Users\נאלצמגא\Documents\Visual Studio 2013\Projects\cells\cells\10.jpg;[289.5, 108.5];[27 x 15]
C:\Users\נאלצמגא\Documents\Visual Studio 2013\Projects\cells\cells\10.jpg;[289.5, 108.5];[27 x 15]
C:\Users\נאלצמגא\Documents\Visual Studio 2013\Projects\cells\cells\10.jpg;[403.75, 92.75];[31.1127 x 20.5061]
C:\Users\נאלצמגא\Documents\Visual Studio 2013\Projects\cells\cells\10.jpg;[208, 91.5];[16 x 27]
C:\Users\נאלצמגא\Documents\Visual Studio 2013\Projects\cells\cells\10.jpg;[404.25, 92.75];[31.8198 x 21.2132]
C:\Users\נאלצמגא\Documents\Visual Studio 2013\Projects\cells\cells\10.jpg;[208, 91.5];[16 x 27]
C:\Users\נאלצמגא\Documents\Visual Studio 2013\Projects\cells\cells\10.jpg;[134.755, 71.1621];[24.8306 x 7.72323]
C:\Users\נאלצמגא\Documents\Visual Studio 2013\Projects\cells\cells\10.jpg;[638, 66.5];[34.6482 x 19.0919]
C:\Users\נאלצמגא\Documents\Visual Studio 2013\Projects\cells\cells\10.jpg;[635.747, 65.2383];[38.4076 x 18.968]
C:\Users\נאלצמגא\Documents\Visual Studio 2013\Projects\cells\cells\10.jpg;[519.25, 60.25];[28.2843 x 10.6066]
C:\Users\נאלצמגא\Documents\Visual Studio 2013\Projects\cells\cells\10.jpg;[519.25, 60.25];[28.2843 x 12.0208]
C:\Users\נאלצמגא\Documents\Visual Studio 2013\Projects\cells\cells\10.jpg;[772.5, 41.5];[1 x 11]
C:\Users\נאלצמגא\Documents\Visual Studio 2013\Projects\cells\cells\10.jpg;[753.5, 38];[2.12132 x 2.12132]
C:\Users\נאלצמגא\Documents\Visual Studio 2013\Projects\cells\cells\10.jpg;[750.5, 38];[2.12132 x 2.12132]
C:\Users\נאלצמגא\Documents\Visual Studio 2013\Projects\cells\cells\10.jpg;[215.5, 37];[1 x 0]
C:\Users\נאלצמגא\Documents\Visual Studio 2013\Projects\cells\cells\10.jpg;[213, 37];[0 x 0]
C:\Users\נאלצמגא\Documents\Visual Studio 2013\Projects\cells\cells\10.jpg;[763.455, 38.4455];[3.98015 x 29.0551]
C:\Users\נאלצמגא\Documents\Visual Studio 2013\Projects\cells\cells\10.jpg;[219, 35];[2.82843 x 0]
C:\Users\נאלצמגא\Documents\Visual Studio 2013\Projects\cells\cells\10.jpg;[216.654, 34.2308];[3.60555 x 0.5547]
C:\Users\נאלצמגא\Documents\Visual Studio 2013\Projects\cells\cells\10.jpg;[221, 32];[0 x 0]
C:\Users\נאלצמגא\Documents\Visual Studio 2013\Projects\cells\cells\10.jpg;[219.9, 30.3];[2.23607 x 0.447214]
C:\Users\נאלצמגא\Documents\Visual Studio 2013\Projects\cells\cells\10.jpg;[371, 25];[2 x 0]
C:\Users\נאלצמגא\Documents\Visual Studio 2013\Projects\cells\cells\10.jpg;[367.032, 34.2875];[25.1338 x 13.7443]
C:\Users\נאלצמגא\Documents\Visual Studio 2013\Projects\cells\cells\10.jpg;[719, 7];[12 x 16]
גא\Documents\Visual Studio 2013\Projects\cells\cells\30.jpg;[1775.52, 890.729];[44.6374 x 45.2509]
C:\Users\נאלצמגא\Documents\Visual Studio 2013\Projects\cells\cells\30.jpg;[1611, 847];[0 x 0]
C:\Users\נאלצמגא\Documents\Visual Studio 2013\Projects\cells\cells\30.jpg;[1610, 844];[1.41421 x 1.41421]
C:\Users\נאלצמגא\Documents\Visual Studio 2013\Projects\cells\cells\30.jpg;[1610, 844];[1.41421 x 1.41421]
C:\Users\נאלצמגא\Documents\Visual Studio 2013\Projects\cells\cells\30.jpg;[1254.5, 830];[1 x 0]
C:\Users\נאלצמגא\Documents\Visual Studio 2013\Projects\cells\cells\30.jpg;[1253.5, 827.5];[3 x 1]
C:\Users\נאלצמגא\Documents\Visual Studio 2013\Projects\cells\cells\30.jpg;[870.509, 842.086];[44.0478 x 13.255]
C:\Users\נאלצמגא\Documents\Visual Studio 2013\Projects\cells\cells\30.jpg;[1205.91, 821.853];[0.727607 x 4.12311]
C:\Users\נאלצמגא\Documents\Visual Studio 2013\Projects\cells\cells\30.jpg;[1889.4, 821.7];[2.68328 x 4.02492]
C:\Users\נאלצמגא\Documents\Visual Studio 2013\Projects\cells\cells\30.jpg;[1207, 820];[2 x 0]
C:\Users\נאלצמגא\Documents\Visual Studio 2013\Projects\cells\cells\30.jpg;[1239.5, 819];[2.12132 x 2.12132]
C:\Users\נאלצמגא\Documents\Visual Studio 2013\Projects\cells\cells\30.jpg;[864, 820];[14 x 12]
C:\Users\נאלצמגא\Documents\Visual Studio 2013\Projects\cells\cells\30.jpg;[864, 820];[14 x 12]
C:\Users\נאלצמגא\Documents\Visual Studio 2013\Projects\cells\cells\30.jpg;[1896.5, 812];[2.12132 x 2.12132]
C:\Users\נאלצמגא\Documents\Visual Studio 2013\Projects\cells\cells\30.jpg;[1203.33, 814.431];[8.72768 x 3.15682]
C:\Users\נאלצמגא\Documents\Visual Studio 2013\Projects\cells\cells\30.jpg;[1231.38, 822.102];[24.5294 x 21]
C:\Users\נאלצמגא\Documents\Visual Studio 2013\Projects\cells\cells\30.jpg;[1208.5, 806];[1 x 0]
C:\Users\נאלצמגא\Documents\Visual Studio 2013\Projects\cells\cells\30.jpg;[1206, 806];[0 x 0]
C:\Users\נאלצמגא\Documents\Visual Studio 2013\Projects\cells\cells\30.jpg;[1207.5, 804];[3 x 0]
C:\Users\נאלצמגא\Documents\Visual Studio 2013\Projects\cells\cells\30.jpg;[149, 782];[1.41421 x 1.41421]
C:\Users\נאלצמגא\Documents\Visual Studio 2013\Projects\cells\cells\30.jpg;[149, 782];[2 x 2]
C:\Users\נאלצמגא\Documents\Visual Studio 2013\Projects\cells\cells\30.jpg;[1338, 780];[11.6276 x 11.6276]
C:\Users\נאלצמגא\Documents\Visual Studio 2013\Projects\cells\cells\30.jpg;[1336.5, 779.5];[11 x 13]
C:\Users\נאלצמגא\Documents\Visual Studio 2013\Projects\cells\cells\30.jpg;[1905.5, 777.5];[15 x 17]
C:\Users\נאלצמגא\Documents\Visual Studio 2013\Projects\cells\cells\30.jpg;[1905.5, 777.5];[15 x 17]
C:\Users\נאלצמגא\Documents\Visual Studio 2013\Projects\cells\cells\30.jpg;[841.284, 806.155];[80.3435 x 78.0249]
C:\Users\נאלצמגא\Documents\Visual Studio 2013\Projects\cells\cells\30.jpg;[667, 758.5];[6 x 3]
C:\Users\נאלצמגא\Documents\Visual Studio 2013\Projects\cells\cells\30.jpg;[1892.29, 786.027];[67.7399 x 46.0253]
C:\Users\נאלצמגא\Documents\Visual Studio 2013\Projects\cells\cells\30.jpg;[667, 758.5];[6 x 3]
C:\Users\נאלצמגא\Documents\Visual Studio 2013\Projects\cells\cells\30.jpg;[1359, 735.5];[8 x 7]
C:\Users\נאלצמגא\Documents\Visual Studio 2013\Projects\cells\cells\30.jpg;[1359, 735.5];[8 x 7]
C:\Users\נאלצמגא\Documents\Visual Studio 2013\Projects\cells\cells\30.jpg;[5.50002, 729.5];[2.62613 x 10.2419]
C:\Users\נאלצמגא\Documents\Visual Studio 2013\Projects\cells\cells\30.jpg;[7.23077, 723.154];[4.9923 x 11.6487]
C:\Users\נאלצמגא\Documents\Visual Studio 2013\Projects\cells\cells\30.jpg;[4, 707];[6 x 10]
C:\Users\נאלצמגא\Documents\Visual Studio 2013\Projects\cells\cells\30.jpg;[466, 698];[0 x 0]
C:\Users\נאלצמגא\Documents\Visual Studio 2013\Projects\cells\cells\30.jpg;[464.5, 699.5];[1.41421 x 2.82843]
C:\Users\נאלצמגא\Documents\Visual Studio 2013\Projects\cells\cells\30.jpg;[506.703, 689.784];[24.6445 x 2.78994]
C:\Users\נאלצמגא\Documents\Visual Studio 2013\Projects\cells\cells\30.jpg;[462.677, 684.206];[8.00368 x 5.09325]
C:\Users\נאלצמגא\Documents\Visual Studio 2013\Projects\cells\cells\30.jpg;[517.113, 669.896];[4.39554 x 21.8403]
C:\Users\נאלצמגא\Documents\Visual Studio 2013\Projects\cells\cells\30.jpg;[499.772, 664.355];[23.5601 x 10.7134]
C:\Users\נאלצמגא\Documents\Visual Studio 2013\Projects\cells\cells\30.jpg;[480.252, 678.694];[24.6807 x 41.9572]
C:\Users\נאלצמגא\Documents\Visual Studio 2013\Projects\cells\cells\30.jpg;[1604.1, 688.864];[80.5354 x 58.3042]
C:\Users\נאלצמגא\Documents\Visual Studio 2013\Projects\cells\cells\30.jpg;[1308.82, 654.206];[8.24621 x 1.69775]
C:\Users\נאלצמגא\Documents\Visual Studio 2013\Projects\cells\cells\30.jpg;[1313.02, 657.628];[18.5996 x 8.25358]
C:\Users\נאלצמגא\Documents\Visual Studio 2013\Projects\cells\cells\30.jpg;[1307, 649];[0 x 0]
C:\Users\נאלצמגא\Documents\Visual Studio 2013\Projects\cells\cells\30.jpg;[1314.1, 648.2];[8.06102 x 1.55563]
C:\Users\נאלצמגא\Documents\Visual Studio 2013\Projects\cells\cells\30.jpg;[1308, 647];[0 x 0]
C:\Users\נאלצמגא\Documents\Visual Studio 2013\Projects\cells\cells\30.jpg;[107, 643];[2 x 0]
C:\Users\נאלצמגא\Documents\Visual Studio 2013\Projects\cells\cells\30.jpg;[109.029, 638.882];[12.8544 x 11.6417]
C:\Users\נאלצמגא\Documents\Visual Studio 2013\Projects\cells\cells\30.jpg;[1327.07, 630.725];[49.9275 x 26.4229]
C:\Users\נאלצמגא\Documents\Visual Studio 2013\Projects\cells\cells\30.jpg;[1299.06, 625.502];[45.0393 x 13.2002]
C:\Users\נאלצמגא\Documents\Visual Studio 2013\Projects\cells\cells\30.jpg;[1269.58, 617.792];[17.4594 x 25.0303]
C:\Users\נאלצמגא\Documents\Visual Studio 2013\Projects\cells\cells\30.jpg;[739.5, 603];[2 x 1]
C:\Users\נאלצמגא\Documents\Visual Studio 2013\Projects\cells\cells\30.jpg;[1323.22, 600.082];[4.44756 x 17.088]
C:\Users\נאלצמגא\Documents\Visual Studio 2013\Projects\cells\cells\30.jpg;[729, 620.5];[39.4 x 62.8]
C:\Users\נאלצמגא\Documents\Visual Studio 2013\Projects\cells\cells\30.jpg;[1305.2, 596.4];[22.3607 x 3.57771]
C:\Users\נאלצמגא\Documents\Visual Studio 2013\Projects\cells\cells\30.jpg;[927, 598];[2 x 12]
C:\Users\נאלצמגא\Documents\Visual Studio 2013\Projects\cells\cells\30.jpg;[129.503, 604.816];[34.261 x 32.0554]
C:\Users\נאלצמגא\Documents\Visual Studio 2013\Projects\cells\cells\30.jpg;[1854.34, 629.134];[60.7082 x 86.2994]
C:\Users\נאלצמגא\Documents\Visual Studio 2013\Projects\cells\cells\30.jpg;[129.808, 604.962];[34.1141 x 33.0047]
C:\Users\נאלצמגא\Documents\Visual Studio 2013\Projects\cells\cells\30.jpg;[1045.08, 587.385];[10.4189 x 24.8069]
C:\Users\נאלצמגא\Documents\Visual Studio 2013\Projects\cells\cells\30.jpg;[1067, 579.5];[2.12132 x 2.12132]
C:\Users\נאלצמגא\Documents\Visual Studio 2013\Projects\cells\cells\30.jpg;[1067, 579.5];[2 x 3]
C:\Users\נאלצמגא\Documents\Visual Studio 2013\Projects\cells\cells\30.jpg;[917.05, 587.65];[25.6144 x 41.7421]
C:\Users\נאלצמגא\Documents\Visual Studio 2013\Projects\cells\cells\30.jpg;[664.939, 557.049];[23.8946 x 42.7916]
C:\Users\נאלצמגא\Documents\Visual Studio 2013\Projects\cells\cells\30.jpg;[324.589, 561.609];[76.5184 x 92.4389]
C:\Users\נאלצמגא\Documents\Visual Studio 2013\Projects\cells\cells\30.jpg;[324.589, 561.609];[76.5184 x 92.4389]
C:\Users\נאלצמגא\Documents\Visual Studio 2013\Projects\cells\cells\30.jpg;[1121, 520];[6 x 6]
C:\Users\נאלצמגא\Documents\Visual Studio 2013\Projects\cells\cells\30.jpg;[1128, 510.5];[1 x 0]
C:\Users\נאלצמגא\Documents\Visual Studio 2013\Projects\cells\cells\30.jpg;[1070.11, 536.541];[54.7753 x 40.1451]
C:\Users\נאלצמגא\Documents\Visual Studio 2013\Projects\cells\cells\30.jpg;[1070.18, 536.925];[56.3312 x 40.2598]
C:\Users\נאלצמגא\Documents\Visual Studio 2013\Projects\cells\cells\30.jpg;[1130.27, 502.654];[3.60555 x 0.83205]
C:\Users\נאלצמגא\Documents\Visual Studio 2013\Projects\cells\cells\30.jpg;[1131.65, 498.731];[0.83205 x 3.60555]
C:\Users\נאלצמגא\Documents\Visual Studio 2013\Projects\cells\cells\30.jpg;[1132, 494];[2 x 0]
C:\Users\נאלצמגא\Documents\Visual Studio 2013\Projects\cells\cells\30.jpg;[1126.79, 502.953];[20.8253 x 2.8201]
C:\Users\נאלצמגא\Documents\Visual Studio 2013\Projects\cells\cells\30.jpg;[988.5, 497];[13 x 12]
C:\Users\נאלצמגא\Documents\Visual Studio 2013\Projects\cells\cells\30.jpg;[988.5, 497];[13 x 12]
C:\Users\נאלצמגא\Documents\Visual Studio 2013\Projects\cells\cells\30.jpg;[1134, 490];[1.41421 x 1.41421]
C:\Users\נאלצמגא\Documents\Visual Studio 2013\Projects\cells\cells\30.jpg;[1133.5, 490];[3 x 2]
C:\Users\נאלצמגא\Documents\Visual Studio 2013\Projects\cells\cells\30.jpg;[1132, 483];[1.41421 x 1.41421]
C:\Users\נאלצמגא\Documents\Visual Studio 2013\Projects\cells\cells\30.jpg;[1132, 483];[2 x 2]
C:\Users\נאלצמגא\Documents\Visual Studio 2013\Projects\cells\cells\30.jpg;[862, 481.5];[2.12132 x 2.12132]
C:\Users\נאלצמגא\Documents\Visual Studio 2013\Projects\cells\cells\30.jpg;[862, 481.5];[2 x 3]
C:\Users\נאלצמגא\Documents\Visual Studio 2013\Projects\cells\cells\30.jpg;[1026, 458.5];[2.12132 x 2.12132]
C:\Users\נאלצמגא\Documents\Visual Studio 2013\Projects\cells\cells\30.jpg;[1007.16, 468.219];[40.1966 x 21.4399]
C:\Users\נאלצמגא\Documents\Visual Studio 2013\Projects\cells\cells\30.jpg;[984.02, 481.775];[59.0001 x 70.8924]
C:\Users\נאלצמגא\Documents\Visual Studio 2013\Projects\cells\cells\30.jpg;[1016.9, 442.8];[4.47214 x 0.447214]
C:\Users\נאלצמגא\Documents\Visual Studio 2013\Projects\cells\cells\30.jpg;[1022.6, 441.8];[3.16228 x 0.632456]
C:\Users\נאלצמגא\Documents\Visual Studio 2013\Projects\cells\cells\30.jpg;[1022.5, 439.5];[3.1305 x 0.447214]
C:\Users\נאלצמגא\Documents\Visual Studio 2013\Projects\cells\cells\30.jpg;[1008.2, 447.614];[22.7524 x 13.4508]
C:\Users\נאלצמגא\Documents\Visual Studio 2013\Projects\cells\cells\30.jpg;[986.654, 428.231];[24.1223 x 19.0233]
C:\Users\נאלצמגא\Documents\Visual Studio 2013\Projects\cells\cells\30.jpg;[986.654, 428.231];[24.1223 x 19.0233]
C:\Users\נאלצמגא\Documents\Visual Studio 2013\Projects\cells\cells\30.jpg;[834, 409];[0 x 0]
C:\Users\נאלצמגא\Documents\Visual Studio 2013\Projects\cells\cells\30.jpg;[821.229, 404.025];[2.80573 x 22.7894]
C:\Users\נאלצמגא\Documents\Visual Studio 2013\Projects\cells\cells\30.jpg;[821.567, 398.551];[11.8974 x 27.6095]
C:\Users\נאלצמגא\Documents\Visual Studio 2013\Projects\cells\cells\30.jpg;[1165, 381.5];[3.53553 x 2.12132]
C:\Users\נאלצמגא\Documents\Visual Studio 2013\Projects\cells\cells\30.jpg;[1165, 381.5];[4 x 3]
C:\Users\נאלצמגא\Documents\Visual Studio 2013\Projects\cells\cells\30.jpg;[1384, 376];[2 x 4]
C:\Users\נאלצמגא\Documents\Visual Studio 2013\Projects\cells\cells\30.jpg;[1162, 340];[1.41421 x 1.41421]
C:\Users\נאלצמגא\Documents\Visual Studio 2013\Projects\cells\cells\30.jpg;[1162, 340];[2 x 2]
C:\Users\נאלצמגא\Documents\Visual Studio 2013\Projects\cells\cells\30.jpg;[1224, 322];[1.41421 x 1.41421]
C:\Users\נאלצמגא\Documents\Visual Studio 2013\Projects\cells\cells\30.jpg;[1217, 322];[0 x 0]
C:\Users\נאלצמגא\Documents\Visual Studio 2013\Projects\cells\cells\30.jpg;[1224, 322];[2 x 2]
C:\Users\נאלצמגא\Documents\Visual Studio 2013\Projects\cells\cells\30.jpg;[1220.5, 322];[2 x 1]
C:\Users\נאלצמגא\Documents\Visual Studio 2013\Projects\cells\cells\30.jpg;[16.5, 324.5];[31 x 49]
C:\Users\נאלצמגא\Documents\Visual Studio 2013\Projects\cells\cells\30.jpg;[1192.23, 326.552];[101.881 x 31.5915]
C:\Users\נאלצמגא\Documents\Visual Studio 2013\Projects\cells\cells\30.jpg;[687.247, 289.112];[28.4179 x 25.2724]
C:\Users\נאלצמגא\Documents\Visual Studio 2013\Projects\cells\cells\30.jpg;[1063.3, 287.161];[37.8236 x 32.769]
C:\Users\נאלצמגא\Documents\Visual Studio 2013\Projects\cells\cells\30.jpg;[1063.75, 288.469];[41.6757 x 32.3731]
C:\Users\נאלצמגא\Documents\Visual Studio 2013\Projects\cells\cells\30.jpg;[1720, 257];[1.41421 x 1.41421]
C:\Users\נאלצמגא\Documents\Visual Studio 2013\Projects\cells\cells\30.jpg;[1720, 257];[2 x 2]
C:\Users\נאלצמגא\Documents\Visual Studio 2013\Projects\cells\cells\30.jpg;[1722, 253];[1.41421 x 1.41421]
C:\Users\נאלצמגא\Documents\Visual Studio 2013\Projects\cells\cells\30.jpg;[1722, 253];[2 x 2]
C:\Users\נאלצמגא\Documents\Visual Studio 2013\Projects\cells\cells\30.jpg;[1121.75, 254.75];[9.89949 x 13.435]
C:\Users\נאלצמגא\Documents\Visual Studio 2013\Projects\cells\cells\30.jpg;[1122.3, 254.1];[12.0748 x 12.0748]
C:\Users\נאלצמגא\Documents\Visual Studio 2013\Projects\cells\cells\30.jpg;[46.7372, 236.277];[19.6502 x 8.71445]
C:\Users\נאלצמגא\Documents\Visual Studio 2013\Projects\cells\cells\30.jpg;[1151.71, 228.247];[14.4259 x 13.6666]
C:\Users\נאלצמגא\Documents\Visual Studio 2013\Projects\cells\cells\30.jpg;[1151.75, 228.25];[13.7199 x 15.6064]
C:\Users\נאלצמגא\Documents\Visual Studio 2013\Projects\cells\cells\30.jpg;[78.5, 191];[2 x 3]
C:\Users\נאלצמגא\Documents\Visual Studio 2013\Projects\cells\cells\30.jpg;[1041.45, 204.558];[40.1646 x 76.6422]
C:\Users\נאלצמגא\Documents\Visual Studio 2013\Projects\cells\cells\30.jpg;[1039.35, 208.392];[43.5946 x 73.2432]
C:\Users\נאלצמגא\Documents\Visual Studio 2013\Projects\cells\cells\30.jpg;[531, 167];[0 x 0]
C:\Users\נאלצמגא\Documents\Visual Studio 2013\Projects\cells\cells\30.jpg;[537.75, 168.75];[8.53815 x 4.42719]
C:\Users\נאלצמגא\Documents\Visual Studio 2013\Projects\cells\cells\30.jpg;[534, 166];[0 x 0]
C:\Users\נאלצמגא\Documents\Visual Studio 2013\Projects\cells\cells\30.jpg;[532, 165];[0 x 0]
C:\Users\נאלצמגא\Documents\Visual Studio 2013\Projects\cells\cells\30.jpg;[530, 165];[0 x 0]
C:\Users\נאלצמגא\Documents\Visual Studio 2013\Projects\cells\cells\30.jpg;[597, 158.5];[2.12132 x 2.12132]
C:\Users\נאלצמגא\Documents\Visual Studio 2013\Projects\cells\cells\30.jpg;[568.301, 174.628];[39.1883 x 13.1087]
C:\Users\נאלצמגא\Documents\Visual Studio 2013\Projects\cells\cells\30.jpg;[597, 158.5];[2 x 3]
C:\Users\נאלצמגא\Documents\Visual Studio 2013\Projects\cells\cells\30.jpg;[551.2, 161.9];[25.4912 x 32.1994]
C:\Users\נאלצמגא\Documents\Visual Studio 2013\Projects\cells\cells\30.jpg;[178.459, 165.093];[42.5749 x 56.3597]
C:\Users\נאלצמגא\Documents\Visual Studio 2013\Projects\cells\cells\30.jpg;[178.626, 165.028];[42.9339 x 57.0777]
C:\Users\נאלצמגא\Documents\Visual Studio 2013\Projects\cells\cells\30.jpg;[546, 129];[0 x 0]
C:\Users\נאלצמגא\Documents\Visual Studio 2013\Projects\cells\cells\30.jpg;[550.638, 128.655];[0.742781 x 5.38516]
C:\Users\נאלצמגא\Documents\Visual Studio 2013\Projects\cells\cells\30.jpg;[533.973, 140.614];[30.0832 x 7.57898]
C:\Users\נאלצמגא\Documents\Visual Studio 2013\Projects\cells\cells\30.jpg;[582.798, 141.929];[28.304 x 33.2954]
C:\Users\נאלצמגא\Documents\Visual Studio 2013\Projects\cells\cells\30.jpg;[554.5, 127.5];[1.41421 x 0]
C:\Users\נאלצמגא\Documents\Visual Studio 2013\Projects\cells\cells\30.jpg;[545, 127];[0 x 0]
C:\Users\נאלצמגא\Documents\Visual Studio 2013\Projects\cells\cells\30.jpg;[554.859, 133.01];[28.3504 x 11.3494]
C:\Users\נאלצמגא\Documents\Visual Studio 2013\Projects\cells\cells\30.jpg;[1278.09, 162.631];[43.3846 x 77.9501]
C:\Users\נאלצמגא\Documents\Visual Studio 2013\Projects\cells\cells\30.jpg;[1278.09, 162.656];[43.3846 x 78.0009]
C:\Users\נאלצמגא\Documents\Visual Studio 2013\Projects\cells\cells\30.jpg;[567, 124];[2 x 4]
C:\Users\נאלצמגא\Documents\Visual Studio 2013\Projects\cells\cells\30.jpg;[553.5, 124.5];[13.2717 x 1.61245]
C:\Users\נאלצמגא\Documents\Visual Studio 2013\Projects\cells\cells\30.jpg;[560.75, 124.25];[6.36396 x 1.41421]
C:\Users\נאלצמגא\Documents\Visual Studio 2013\Projects\cells\cells\30.jpg;[124, 123];[33.5201 x 25.9307]
C:\Users\נאלצמגא\Documents\Visual Studio 2013\Projects\cells\cells\30.jpg;[123.878, 122.77];[35.3458 x 24.8242]
C:\Users\נאלצמגא\Documents\Visual Studio 2013\Projects\cells\cells\30.jpg;[1175.47, 111.349];[11.1262 x 3.57137]
C:\Users\נאלצמגא\Documents\Visual Studio 2013\Projects\cells\cells\30.jpg;[1462, 104];[0 x 0]
C:\Users\נאלצמגא\Documents\Visual Studio 2013\Projects\cells\cells\30.jpg;[1460, 104];[0 x 0]
C:\Users\נאלצמגא\Documents\Visual Studio 2013\Projects\cells\cells\30.jpg;[1458, 103];[0 x 0]
C:\Users\נאלצמגא\Documents\Visual Studio 2013\Projects\cells\cells\30.jpg;[1461, 102];[0 x 0]
C:\Users\נאלצמגא\Documents\Visual Studio 2013\Projects\cells\cells\30.jpg;[1447.5, 110.5];[24.0416 x 4.24264]
C:\Users\נאלצמגא\Documents\Visual Studio 2013\Projects\cells\cells\30.jpg;[1459, 101];[0 x 0]
C:\Users\נאלצמגא\Documents\Visual Studio 2013\Projects\cells\cells\30.jpg;[1206.03, 119.905];[28.9922 x 66.9982]
C:\Users\נאלצמגא\Documents\Visual Studio 2013\Projects\cells\cells\30.jpg;[1458.5, 94.5];[10.8167 x 3.60555]
C:\Users\נאלצמגא\Documents\Visual Studio 2013\Projects\cells\cells\30.jpg;[1441, 96.5];[14 x 13]
C:\Users\נאלצמגא\Documents\Visual Studio 2013\Projects\cells\cells\30.jpg;[1441, 96.5];[14 x 13]
C:\Users\נאלצמגא\Documents\Visual Studio 2013\Projects\cells\cells\30.jpg;[1211.1, 95.7814];[23.2655 x 69.1192]
C:\Users\נאלצמגא\Documents\Visual Studio 2013\Projects\cells\cells\30.jpg;[974, 69];[1.41421 x 1.41421]
C:\Users\נאלצמגא\Documents\Visual Studio 2013\Projects\cells\cells\30.jpg;[974, 69];[2 x 2]
C:\Users\נאלצמגא\Documents\Visual Studio 2013\Projects\cells\cells\30.jpg;[964, 62];[0 x 0]
C:\Users\נאלצמגא\Documents\Visual Studio 2013\Projects\cells\cells\30.jpg;[991.9, 66.8];[23.4 x 47.2]
C:\Users\נאלצמגא\Documents\Visual Studio 2013\Projects\cells\cells\30.jpg;[1895.6, 46.3];[4.47214 x 7.60263]
C:\Users\נאלצמגא\Documents\Visual Studio 2013\Projects\cells\cells\30.jpg;[1895.5, 46.5];[7 x 5]
C:\Users\נאלצמגא\Documents\Visual Studio 2013\Projects\cells\cells\30.jpg;[1459.5, 44];[1 x 0]
C:\Users\נאלצמגא\Documents\Visual Studio 2013\Projects\cells\cells\30.jpg;[1449.54, 65.9516];[20.7374 x 49.192]
C:\Users\נאלצמגא\Documents\Visual Studio 2013\Projects\cells\cells\30.jpg;[1939, 33.9999];[1.41421 x 1.41421]
C:\Users\נאלצמגא\Documents\Visual Studio 2013\Projects\cells\cells\30.jpg;[1939, 34];[2 x 2]
C:\Users\נאלצמגא\Documents\Visual Studio 2013\Projects\cells\cells\30.jpg;[994.237, 57.5641];[38.1278 x 55.2481]
C:\Users\נאלצמגא\Documents\Visual Studio 2013\Projects\cells\cells\30.jpg;[1893.5, 26.9999];[2.12132 x 2.12132]
C:\Users\נאלצמגא\Documents\Visual Studio 2013\Projects\cells\cells\30.jpg;[1887.5, 26.5];[0.447214 x 3.1305]
C:\Users\נאלצמגא\Documents\Visual Studio 2013\Projects\cells\cells\30.jpg;[1422.57, 75.5654];[107.615 x 54.553]
C:\Users\נאלצמגא\Documents\Visual Studio 2013\Projects\cells\cells\30.jpg;[690.5, 54.5];[97 x 73]
C:\Users\נאלצמגא\Documents\Visual Studio 2013\Projects\cells\cells\30.jpg;[690.5, 54.5];[97 x 73]
C:\Users\נאלצמגא\Documents\Visual Studio 2013\Projects\cells\cells\30.jpg;[1921.46, 22.9295];[47.2009 x 11.2111]
C:\Users\נאלצמגא\Documents\Visual Studio 2013\Projects\cells\cells\30.jpg;[1942.11, 16.4096];[24.3041 x 42.659]
C:\Users\נאלצמגא\Documents\Visual Studio 2013\Projects\cells\cells\30.jpg;[1885.95, 15.6308];[29.2722 x 28.0319]
ual Studio 2013\Projects\cells\cells\30.jpg;[1629.68, 608.636];[16.0312 x 11.6647]
C:\Users\נאלצמגא\Documents\Visual Studio 2013\Projects\cells\cells\30.jpg;[1647, 596];[1.41421 x 1.41421]
C:\Users\נאלצמגא\Documents\Visual Studio 2013\Projects\cells\cells\30.jpg;[1647, 596];[2 x 2]
C:\Users\נאלצמגא\Documents\Visual Studio 2013\Projects\cells\cells\30.jpg;[1675.11, 605.848];[26.9816 x 40.3609]
C:\Users\נאלצמגא\Documents\Visual Studio 2013\Projects\cells\cells\30.jpg;[1854.02, 625.151];[76.4346 x 96.5978]
C:\Users\נאלצמגא\Documents\Visual Studio 2013\Projects\cells\cells\30.jpg;[135.675, 617.668];[84.7733 x 86.2669]
C:\Users\נאלצמגא\Documents\Visual Studio 2013\Projects\cells\cells\30.jpg;[1306.5, 617];[93 x 92]
C:\Users\נאלצמגא\Documents\Visual Studio 2013\Projects\cells\cells\30.jpg;[1306.5, 617];[93 x 92]
C:\Users\נאלצמגא\Documents\Visual Studio 2013\Projects\cells\cells\30.jpg;[472.846, 564.003];[3.07308 x 13.3417]
C:\Users\נאלצמגא\Documents\Visual Studio 2013\Projects\cells\cells\30.jpg;[916.446, 588.031];[40.8259 x 67.3406]
C:\Users\נאלצמגא\Documents\Visual Studio 2013\Projects\cells\cells\30.jpg;[916.445, 588.003];[40.8259 x 67.3961]
C:\Users\נאלצמגא\Documents\Visual Studio 2013\Projects\cells\cells\30.jpg;[474.94, 557.728];[3.86638 x 17.4591]
C:\Users\נאלצמגא\Documents\Visual Studio 2013\Projects\cells\cells\30.jpg;[766.5, 561.5];[37 x 35]
C:\Users\נאלצמגא\Documents\Visual Studio 2013\Projects\cells\cells\30.jpg;[466.076, 552.746];[21.8348 x 6.86235]
C:\Users\נאלצמגא\Documents\Visual Studio 2013\Projects\cells\cells\30.jpg;[1405.85, 533.431];[9.48033 x 2.34082]
C:\Users\נאלצמגא\Documents\Visual Studio 2013\Projects\cells\cells\30.jpg;[710.5, 527];[1 x 0]
C:\Users\נאלצמגא\Documents\Visual Studio 2013\Projects\cells\cells\30.jpg;[1390, 525];[0 x 0]
C:\Users\נאלצמגא\Documents\Visual Studio 2013\Projects\cells\cells\30.jpg;[699.164, 528.197];[8.51036 x 22.9961]
C:\Users\נאלצמגא\Documents\Visual Studio 2013\Projects\cells\cells\30.jpg;[658.886, 558.198];[104.188 x 263.595]
C:\Users\נאלצמגא\Documents\Visual Studio 2013\Projects\cells\cells\30.jpg;[324.8, 565.4];[90.3371 x 101.07]
C:\Users\נאלצמגא\Documents\Visual Studio 2013\Projects\cells\cells\30.jpg;[1211.85, 521.711];[16.5848 x 25.0567]
C:\Users\נאלצמגא\Documents\Visual Studio 2013\Projects\cells\cells\30.jpg;[1449, 502];[0 x 0]
C:\Users\נאלצמגא\Documents\Visual Studio 2013\Projects\cells\cells\30.jpg;[1211.26, 512.912];[24.9502 x 39.2075]
C:\Users\נאלצמגא\Documents\Visual Studio 2013\Projects\cells\cells\30.jpg;[1220, 491];[1.41421 x 1.41421]
C:\Users\נאלצמגא\Documents\Visual Studio 2013\Projects\cells\cells\30.jpg;[1220, 491];[2 x 2]
C:\Users\נאלצמגא\Documents\Visual Studio 2013\Projects\cells\cells\30.jpg;[1666.35, 487.568];[1.9897 x 8.544]
C:\Users\נאלצמגא\Documents\Visual Studio 2013\Projects\cells\cells\30.jpg;[598.245, 504.097];[179.226 x 44.3453]
C:\Users\נאלצמגא\Documents\Visual Studio 2013\Projects\cells\cells\30.jpg;[165.499, 513.986];[97.8689 x 57.7629]
C:\Users\נאלצמגא\Documents\Visual Studio 2013\Projects\cells\cells\30.jpg;[7.73172, 484.585];[4.37287 x 13.7433]
C:\Users\נאלצמגא\Documents\Visual Studio 2013\Projects\cells\cells\30.jpg;[4.5, 481];[0.447214 x 5.36656]
C:\Users\נאלצמגא\Documents\Visual Studio 2013\Projects\cells\cells\30.jpg;[1701, 477];[1.41421 x 1.41421]
C:\Users\נאלצמגא\Documents\Visual Studio 2013\Projects\cells\cells\30.jpg;[1685.28, 485.822];[27.2941 x 6.26494]
C:\Users\נאלצמגא\Documents\Visual Studio 2013\Projects\cells\cells\30.jpg;[1701, 477];[2 x 2]
C:\Users\נאלצמגא\Documents\Visual Studio 2013\Projects\cells\cells\30.jpg;[1418.1, 506.225];[61.7182 x 60.1202]
C:\Users\נאלצמגא\Documents\Visual Studio 2013\Projects\cells\cells\30.jpg;[2.9, 470.8];[4.47214 x 0.447214]
C:\Users\נאלצמגא\Documents\Visual Studio 2013\Projects\cells\cells\30.jpg;[1672.9, 479.3];[31.7522 x 12.0748]
C:\Users\נאלצמגא\Documents\Visual Studio 2013\Projects\cells\cells\30.jpg;[3.55883, 467.265];[0.727607 x 5.09325]
C:\Users\נאלצמגא\Documents\Visual Studio 2013\Projects\cells\cells\30.jpg;[1708, 457];[2 x 2]
C:\Users\נאלצמגא\Documents\Visual Studio 2013\Projects\cells\cells\30.jpg;[1680.34, 459.112];[26.1021 x 36.7208]
C:\Users\נאלצמגא\Documents\Visual Studio 2013\Projects\cells\cells\30.jpg;[1821, 442];[2 x 2]
C:\Users\נאלצמגא\Documents\Visual Studio 2013\Projects\cells\cells\30.jpg;[521.023, 444.628];[3.64895 x 24.3412]
C:\Users\נאלצמגא\Documents\Visual Studio 2013\Projects\cells\cells\30.jpg;[504.041, 438.743];[1.85996 x 8.60233]
C:\Users\נאלצמגא\Documents\Visual Studio 2013\Projects\cells\cells\30.jpg;[1724.5, 439];[7 x 10]
C:\Users\נאלצמגא\Documents\Visual Studio 2013\Projects\cells\cells\30.jpg;[1824.27, 434.085];[1.87409 x 6.40312]
C:\Users\נאלצמגא\Documents\Visual Studio 2013\Projects\cells\cells\30.jpg;[1821.84, 435.682];[4.06867 x 8.60233]
C:\Users\נאלצמגא\Documents\Visual Studio 2013\Projects\cells\cells\30.jpg;[1683.75, 430.75];[4.24264 x 3.53553]
C:\Users\נאלצמגא\Documents\Visual Studio 2013\Projects\cells\cells\30.jpg;[516.023, 435.415];[12.5419 x 34.4684]
C:\Users\נאלצמגא\Documents\Visual Studio 2013\Projects\cells\cells\30.jpg;[1818.5, 429];[2.12132 x 2.12132]
C:\Users\נאלצמגא\Documents\Visual Studio 2013\Projects\cells\cells\30.jpg;[1683.5, 431];[5 x 4]
C:\Users\נאלצמגא\Documents\Visual Studio 2013\Projects\cells\cells\30.jpg;[1816.5, 428];[2.12132 x 2.12132]
C:\Users\נאלצמגא\Documents\Visual Studio 2013\Projects\cells\cells\30.jpg;[1817.95, 428.621];[2.49482 x 7.74708]
C:\Users\נאלצמגא\Documents\Visual Studio 2013\Projects\cells\cells\30.jpg;[1076.24, 518.285];[200.515 x 102.393]
C:\Users\נאלצמגא\Documents\Visual Studio 2013\Projects\cells\cells\30.jpg;[1076.17, 518.22];[201.735 x 102.585]
C:\Users\נאלצמגא\Documents\Visual Studio 2013\Projects\cells\cells\30.jpg;[1586, 411];[1.41421 x 1.41421]
C:\Users\נאלצמגא\Documents\Visual Studio 2013\Projects\cells\cells\30.jpg;[1586, 411];[2 x 2]
C:\Users\נאלצמגא\Documents\Visual Studio 2013\Projects\cells\cells\30.jpg;[194, 399];[2 x 2]
C:\Users\נאלצמגא\Documents\Visual Studio 2013\Projects\cells\cells\30.jpg;[989.333, 457.487];[117.388 x 80.9743]
C:\Users\נאלצמגא\Documents\Visual Studio 2013\Projects\cells\cells\30.jpg;[989.414, 457.506];[117.538 x 81]
C:\Users\נאלצמגא\Documents\Visual Studio 2013\Projects\cells\cells\30.jpg;[837.234, 450.811];[63.6864 x 134.614]
C:\Users\נאלצמגא\Documents\Visual Studio 2013\Projects\cells\cells\30.jpg;[705.985, 418.649];[69.3747 x 81.1951]
C:\Users\נאלצמגא\Documents\Visual Studio 2013\Projects\cells\cells\30.jpg;[1589.55, 398.969];[52.2453 x 13.4928]
C:\Users\נאלצמגא\Documents\Visual Studio 2013\Projects\cells\cells\30.jpg;[1400.78, 386.704];[21.3237 x 3.96877]
C:\Users\נאלצמגא\Documents\Visual Studio 2013\Projects\cells\cells\30.jpg;[464.24, 380.527];[8.544 x 2.69195]
C:\Users\נאלצמגא\Documents\Visual Studio 2013\Projects\cells\cells\30.jpg;[1613.78, 378.229];[9.21954 x 2.4947]
C:\Users\נאלצמגא\Documents\Visual Studio 2013\Projects\cells\cells\30.jpg;[465.877, 371.821];[2.33513 x 7.28011]
C:\Users\נאלצמגא\Documents\Visual Studio 2013\Projects\cells\cells\30.jpg;[1614.61, 369.149];[1.80839 x 6.08276]
C:\Users\נאלצמגא\Documents\Visual Studio 2013\Projects\cells\cells\30.jpg;[466, 366];[0 x 0]
C:\Users\נאלצמגא\Documents\Visual Studio 2013\Projects\cells\cells\30.jpg;[1615, 364];[0 x 0]
C:\Users\נאלצמגא\Documents\Visual Studio 2013\Projects\cells\cells\30.jpg;[1826.47, 399.831];[73.299 x 71.9627]
C:\Users\נאלצמגא\Documents\Visual Studio 2013\Projects\cells\cells\30.jpg;[176.683, 379.834];[37.8527 x 52.8839]
C:\Users\נאלצמגא\Documents\Visual Studio 2013\Projects\cells\cells\30.jpg;[1606.03, 358.882];[9.68649 x 16.0769]
C:\Users\נאלצמגא\Documents\Visual Studio 2013\Projects\cells\cells\30.jpg;[1610.7, 350.1];[2.23607 x 0.447214]
C:\Users\נאלצמגא\Documents\Visual Studio 2013\Projects\cells\cells\30.jpg;[146.123, 360.469];[8.68915 x 25.1186]
C:\Users\נאלצמגא\Documents\Visual Studio 2013\Projects\cells\cells\30.jpg;[1374.52, 369.128];[56.4964 x 61.2625]
C:\Users\נאלצמגא\Documents\Visual Studio 2013\Projects\cells\cells\30.jpg;[442.5, 349];[13 x 12]
C:\Users\נאלצמגא\Documents\Visual Studio 2013\Projects\cells\cells\30.jpg;[442.5, 349];[13 x 12]
C:\Users\נאלצמגא\Documents\Visual Studio 2013\Projects\cells\cells\30.jpg;[1609.7, 341.423];[12.5903 x 4.06138]
C:\Users\נאלצמגא\Documents\Visual Studio 2013\Projects\cells\cells\30.jpg;[462.176, 352.794];[31.0446 x 14.3096]
C:\Users\נאלצמגא\Documents\Visual Studio 2013\Projects\cells\cells\30.jpg;[1615, 334];[1.41421 x 1.41421]
C:\Users\נאלצמגא\Documents\Visual Studio 2013\Projects\cells\cells\30.jpg;[1615, 334];[2 x 2]
C:\Users\נאלצמגא\Documents\Visual Studio 2013\Projects\cells\cells\30.jpg;[452.885, 331.923];[2.2188 x 10.8167]
C:\Users\נאלצמגא\Documents\Visual Studio 2013\Projects\cells\cells\30.jpg;[427.7, 373.905];[62.9534 x 87.4318]
C:\Users\נאלצמגא\Documents\Visual Studio 2013\Projects\cells\cells\30.jpg;[1558.71, 374.345];[105.548 x 42.7674]
C:\Users\נאלצמגא\Documents\Visual Studio 2013\Projects\cells\cells\30.jpg;[1593.5, 332.736];[7.17785 x 29.8097]
C:\Users\נאלצמגא\Documents\Visual Studio 2013\Projects\cells\cells\30.jpg;[1581.5, 321];[2 x 1]
C:\Users\נאלצמגא\Documents\Visual Studio 2013\Projects\cells\cells\30.jpg;[171.34, 336.565];[34.8528 x 64.0389]
C:\Users\נאלצמגא\Documents\Visual Studio 2013\Projects\cells\cells\30.jpg;[821.78, 337.675];[46.696 x 89.5315]
C:\Users\נאלצמגא\Documents\Visual Studio 2013\Projects\cells\cells\30.jpg;[24.9601, 336.87];[57.3846 x 13.3099]
C:\Users\נאלצמגא\Documents\Visual Studio 2013\Projects\cells\cells\30.jpg;[1721.3, 288.4];[1.34164 x 8.94427]
C:\Users\נאלצמגא\Documents\Visual Studio 2013\Projects\cells\cells\30.jpg;[21.0733, 295.653];[3.19133 x 46.3108]
C:\Users\נאלצמגא\Documents\Visual Studio 2013\Projects\cells\cells\30.jpg;[1187.48, 331.046];[129.433 x 54.4227]
C:\Users\נאלצמגא\Documents\Visual Studio 2013\Projects\cells\cells\30.jpg;[1187.33, 330.888];[130.821 x 55.3943]
C:\Users\נאלצמגא\Documents\Visual Studio 2013\Projects\cells\cells\30.jpg;[275.318, 323.536];[51.8076 x 112.683]
C:\Users\נאלצמגא\Documents\Visual Studio 2013\Projects\cells\cells\30.jpg;[275.317, 324.105];[52.3853 x 113.616]
C:\Users\נאלצמגא\Documents\Visual Studio 2013\Projects\cells\cells\30.jpg;[1842, 268];[2 x 2]
C:\Users\נאלצמגא\Documents\Visual Studio 2013\Projects\cells\cells\30.jpg;[1886, 260];[0 x 0]
C:\Users\נאלצמגא\Documents\Visual Studio 2013\Projects\cells\cells\30.jpg;[685.5, 286];[39 x 60]
C:\Users\נאלצמגא\Documents\Visual Studio 2013\Projects\cells\cells\30.jpg;[685.5, 286];[39 x 60]
C:\Users\נאלצמגא\Documents\Visual Studio 2013\Projects\cells\cells\30.jpg;[1872.8, 264.517];[21.4669 x 37.7196]
C:\Users\נאלצמגא\Documents\Visual Studio 2013\Projects\cells\cells\30.jpg;[1840.95, 251.109];[28.0178 x 2.78394]
C:\Users\נאלצמגא\Documents\Visual Studio 2013\Projects\cells\cells\30.jpg;[1872.73, 243.898];[34.1175 x 10.2176]
C:\Users\נאלצמגא\Documents\Visual Studio 2013\Projects\cells\cells\30.jpg;[1897.89, 240.783];[17.0294 x 1.8791]
C:\Users\נאלצמגא\Documents\Visual Studio 2013\Projects\cells\cells\30.jpg;[1912.5, 234.5];[5 x 3]
C:\Users\נאלצמגא\Documents\Visual Studio 2013\Projects\cells\cells\30.jpg;[943.128, 266.848];[88.6765 x 91.6582]
C:\Users\נאלצמגא\Documents\Visual Studio 2013\Projects\cells\cells\30.jpg;[1722.44, 255.141];[60.2876 x 62.0521]
C:\Users\נאלצמגא\Documents\Visual Studio 2013\Projects\cells\cells\30.jpg;[943.171, 266.847];[88.6809 x 91.6993]
C:\Users\נאלצמגא\Documents\Visual Studio 2013\Projects\cells\cells\30.jpg;[1907.57, 226.058];[17.2142 x 13.1589]
C:\Users\נאלצמגא\Documents\Visual Studio 2013\Projects\cells\cells\30.jpg;[1869.5, 220];[13 x 12]
C:\Users\נאלצמגא\Documents\Visual Studio 2013\Projects\cells\cells\30.jpg;[2034.5, 228];[23 x 28]
C:\Users\נאלצמגא\Documents\Visual Studio 2013\Projects\cells\cells\30.jpg;[1869.5, 220];[13 x 12]
C:\Users\נאלצמגא\Documents\Visual Studio 2013\Projects\cells\cells\30.jpg;[1906, 205];[1.41421 x 1.41421]
C:\Users\נאלצמגא\Documents\Visual Studio 2013\Projects\cells\cells\30.jpg;[2010.5, 207];[7.77817 x 7.77817]
C:\Users\נאלצמגא\Documents\Visual Studio 2013\Projects\cells\cells\30.jpg;[1905.81, 211.86];[16.4117 x 28.6577]
C:\Users\נאלצמגא\Documents\Visual Studio 2013\Projects\cells\cells\30.jpg;[624.5, 204];[9 x 2]
C:\Users\נאלצמגא\Documents\Visual Studio 2013\Projects\cells\cells\30.jpg;[2011.5, 206.5];[7 x 9]
C:\Users\נאלצמגא\Documents\Visual Studio 2013\Projects\cells\cells\30.jpg;[1371, 201.5];[2 x 5]
C:\Users\נאלצמגא\Documents\Visual Studio 2013\Projects\cells\cells\30.jpg;[1370.5, 203];[7.60263 x 3.57771]
C:\Users\נאלצמגא\Documents\Visual Studio 2013\Projects\cells\cells\30.jpg;[737.5, 215];[17 x 32]
C:\Users\נאלצמגא\Documents\Visual Studio 2013\Projects\cells\cells\30.jpg;[1853.44, 215.265];[40.4737 x 23.6668]
C:\Users\נאלצמגא\Documents\Visual Studio 2013\Projects\cells\cells\30.jpg;[1842.2, 201.216];[2.63038 x 18.2483]
C:\Users\נאלצמגא\Documents\Visual Studio 2013\Projects\cells\cells\30.jpg;[1852, 191];[0 x 0]
C:\Users\נאלצמגא\Documents\Visual Studio 2013\Projects\cells\cells\30.jpg;[1844, 191];[0 x 0]
C:\Users\נאלצמגא\Documents\Visual Studio 2013\Projects\cells\cells\30.jpg;[1848, 187.5];[3.53553 x 3.53553]
C:\Users\נאלצמגא\Documents\Visual Studio 2013\Projects\cells\cells\30.jpg;[1852.47, 207.721];[95.4149 x 45.9886]
C:\Users\נאלצמגא\Documents\Visual Studio 2013\Projects\cells\cells\30.jpg;[648.345, 191.754];[41.52 x 11.32]
C:\Users\נאלצמגא\Documents\Visual Studio 2013\Projects\cells\cells\30.jpg;[1, 187];[4 x 0]
C:\Users\נאלצמגא\Documents\Visual Studio 2013\Projects\cells\cells\30.jpg;[53.2, 218.6];[84.0761 x 42.0381]
C:\Users\נאלצמגא\Documents\Visual Studio 2013\Projects\cells\cells\30.jpg;[2024.57, 189.342];[44.8439 x 11.3942]
C:\Users\נאלצמגא\Documents\Visual Studio 2013\Projects\cells\cells\30.jpg;[666.59, 179.63];[1.83848 x 7.07107]
C:\Users\נאלצמגא\Documents\Visual Studio 2013\Projects\cells\cells\30.jpg;[1083.65, 255.084];[146.471 x 172.32]
C:\Users\נאלצמגא\Documents\Visual Studio 2013\Projects\cells\cells\30.jpg;[1083.67, 255.056];[146.516 x 172.444]
C:\Users\נאלצמגא\Documents\Visual Studio 2013\Projects\cells\cells\30.jpg;[667, 174];[0 x 0]
C:\Users\נאלצמגא\Documents\Visual Studio 2013\Projects\cells\cells\30.jpg;[653.093, 178.774];[17.8952 x 18.3848]
C:\Users\נאלצמגא\Documents\Visual Studio 2013\Projects\cells\cells\30.jpg;[1870.4, 168.7];[7.15542 x 6.7082]
C:\Users\נאלצמגא\Documents\Visual Studio 2013\Projects\cells\cells\30.jpg;[1870.4, 168.7];[7.15542 x 6.7082]
C:\Users\נאלצמגא\Documents\Visual Studio 2013\Projects\cells\cells\30.jpg;[121, 164];[0 x 0]
C:\Users\נאלצמגא\Documents\Visual Studio 2013\Projects\cells\cells\30.jpg;[118, 164];[0 x 0]
C:\Users\נאלצמגא\Documents\Visual Studio 2013\Projects\cells\cells\30.jpg;[659.371, 162.287];[7.46278 x 20.0998]
C:\Users\נאלצמגא\Documents\Visual Studio 2013\Projects\cells\cells\30.jpg;[133.392, 159.844];[8.31817 x 23.0762]
C:\Users\נאלצמגא\Documents\Visual Studio 2013\Projects\cells\cells\30.jpg;[671.257, 157.477];[9.482 x 16.5258]
C:\Users\נאלצמגא\Documents\Visual Studio 2013\Projects\cells\cells\30.jpg;[666, 148];[1.41421 x 1.41421]
C:\Users\נאלצמגא\Documents\Visual Studio 2013\Projects\cells\cells\30.jpg;[666, 148];[2 x 2]
C:\Users\נאלצמגא\Documents\Visual Studio 2013\Projects\cells\cells\30.jpg;[656.434, 149.981];[4.12082 x 14.5602]
C:\Users\נאלצמגא\Documents\Visual Studio 2013\Projects\cells\cells\30.jpg;[2019.31, 163.462];[66.4831 x 10.2282]
C:\Users\נאלצמגא\Documents\Visual Studio 2013\Projects\cells\cells\30.jpg;[632.763, 172.465];[70.0111 x 14.2896]
C:\Users\נאלצמגא\Documents\Visual Studio 2013\Projects\cells\cells\30.jpg;[1.5, 141.5];[1 x 3]
C:\Users\נאלצמגא\Documents\Visual Studio 2013\Projects\cells\cells\30.jpg;[666, 139];[2 x 2]
C:\Users\נאלצמגא\Documents\Visual Studio 2013\Projects\cells\cells\30.jpg;[1637.42, 145.837];[21.9291 x 4.03604]
C:\Users\נאלצמגא\Documents\Visual Studio 2013\Projects\cells\cells\30.jpg;[663.7, 137.1];[2.23607 x 0.447214]
C:\Users\נאלצמגא\Documents\Visual Studio 2013\Projects\cells\cells\30.jpg;[661.5, 136];[2 x 1]
C:\Users\נאלצמגא\Documents\Visual Studio 2013\Projects\cells\cells\30.jpg;[1644.88, 131.179];[7.28011 x 2.33513]
C:\Users\נאלצמגא\Documents\Visual Studio 2013\Projects\cells\cells\30.jpg;[1661, 122];[2.82843 x 2.82843]
C:\Users\נאלצמגא\Documents\Visual Studio 2013\Projects\cells\cells\30.jpg;[1661, 122];[2.82843 x 2.82843]
C:\Users\נאלצמגא\Documents\Visual Studio 2013\Projects\cells\cells\30.jpg;[563.63, 153.815];[90.8035 x 76.6757]
C:\Users\נאלצמגא\Documents\Visual Studio 2013\Projects\cells\cells\30.jpg;[563.859, 153.667];[91.3484 x 76.6757]
C:\Users\נאלצמגא\Documents\Visual Studio 2013\Projects\cells\cells\30.jpg;[148.696, 148.52];[60.4828 x 119.793]
C:\Users\נאלצמגא\Documents\Visual Studio 2013\Projects\cells\cells\30.jpg;[1641.31, 117.716];[35.2547 x 20.0415]
C:\Users\נאלצמגא\Documents\Visual Studio 2013\Projects\cells\cells\30.jpg;[954.851, 107.419];[90.4023 x 29.1931]
C:\Users\נאלצמגא\Documents\Visual Studio 2013\Projects\cells\cells\30.jpg;[1247.04, 133.197];[77.2417 x 173.57]
C:\Users\נאלצמגא\Documents\Visual Studio 2013\Projects\cells\cells\30.jpg;[1616.87, 116.51];[74.2253 x 51.1759]
C:\Users\נאלצמגא\Documents\Visual Studio 2013\Projects\cells\cells\30.jpg;[1247.21, 133.203];[77.6473 x 173.877]
C:\Users\נאלצמגא\Documents\Visual Studio 2013\Projects\cells\cells\30.jpg;[1485, 75];[0 x 0]
C:\Users\נאלצמגא\Documents\Visual Studio 2013\Projects\cells\cells\30.jpg;[1488.5, 74];[2 x 1]
C:\Users\נאלצמגא\Documents\Visual Studio 2013\Projects\cells\cells\30.jpg;[762.5, 53];[27.4546 x 7.23356]
C:\Users\נאלצמגא\Documents\Visual Studio 2013\Projects\cells\cells\30.jpg;[748.5, 34];[2 x 1]
C:\Users\נאלצמגא\Documents\Visual Studio 2013\Projects\cells\cells\30.jpg;[2043.5, 29];[5 x 4]
C:\Users\נאלצמגא\Documents\Visual Studio 2013\Projects\cells\cells\30.jpg;[951.477, 74.8522];[129.186 x 91.8437]
C:\Users\נאלצמגא\Documents\Visual Studio 2013\Projects\cells\cells\30.jpg;[745.9, 38.2];[16.5469 x 27.7272]
C:\Users\נאלצמגא\Documents\Visual Studio 2013\Projects\cells\cells\30.jpg;[1435.5, 74.303];[122.969 x 91.0355]
C:\Users\נאלצמגא\Documents\Visual Studio 2013\Projects\cells\cells\30.jpg;[1429.57, 75.5816];[119.184 x 96.22]
C:\Users\נאלצמגא\Documents\Visual Studio 2013\Projects\cells\cells\30.jpg;[2042.8, 6.59994];[5.36656 x 15.2053]
C:\Users\נאלצמגא\Documents\Visual Studio 2013\Projects\cells\cells\30.jpg;[1918.5, 29];[107 x 56]
C:\Users\נאלצמגא\Documents\Visual Studio 2013\Projects\cells\cells\30.jpg;[724.675, 14.4818];[15.4639 x 23.7511]
C:\Users\נאלצמגא\Documents\Visual Studio 2013\Projects\cells\cells\30.jpg;[689.938, 64.4736];[80.0758 x 105.511]
